{
  "n_human": 100,
  "n_ai": 100,
  "n_perturbations": 10,
  "metrics": {
    "log_likelihood": {
      "auroc": 0.7402,
      "f1": 0.6914,
      "recall": 0.56,
      "precision": 0.9032,
      "accuracy": 0.75,
      "threshold": -2.497436
    },
    "detectgpt_d": {
      "auroc": 0.7225,
      "f1": 0.709,
      "recall": 0.67,
      "precision": 0.7528,
      "accuracy": 0.725,
      "threshold": 0.033281
    },
    "detectgpt_z": {
      "auroc": 0.7271,
      "f1": 0.6989,
      "recall": 0.65,
      "precision": 0.7558,
      "accuracy": 0.72,
      "threshold": 0.586984
    }
  },
  "scores": {
    "ll": [
      -3.1539299488067627,
      -2.4550533294677734,
      -3.792340040206909,
      -3.206282615661621,
      -3.231520414352417,
      -4.877627372741699,
      -2.515798330307007,
      -2.544567108154297,
      -3.920322895050049,
      -3.0494301319122314,
      -2.039423942565918,
      -3.8570754528045654,
      -3.998885154724121,
      -3.523375988006592,
      -2.982144594192505,
      -3.0038115978240967,
      -2.4914753437042236,
      -2.453090190887451,
      -3.3622355461120605,
      -4.725154876708984,
      -2.7470364570617676,
      -4.587131500244141,
      -3.362910270690918,
      -2.894535779953003,
      -3.1838319301605225,
      -2.723632335662842,
      -2.8020100593566895,
      -4.123995780944824,
      -3.9250941276550293,
      -4.046343803405762,
      -3.6847171783447266,
      -3.2511086463928223,
      -3.068326950073242,
      -2.9211738109588623,
      -4.140549182891846,
      -2.5685441493988037,
      -3.2550415992736816,
      -2.217015504837036,
      -3.5199527740478516,
      -2.8467719554901123,
      -2.9232981204986572,
      -3.9059221744537354,
      -2.7271347045898438,
      -3.025602340698242,
      -2.677610158920288,
      -2.847447633743286,
      -3.8641045093536377,
      -3.20196533203125,
      -3.4328272342681885,
      -2.7276294231414795,
      -3.0009844303131104,
      -4.719348907470703,
      -3.6851580142974854,
      -3.053600788116455,
      -3.088505268096924,
      -3.4737095832824707,
      -4.451569080352783,
      -2.649623394012451,
      -3.509145498275757,
      -2.9195947647094727,
      -3.520707368850708,
      -2.6504054069519043,
      -2.7896552085876465,
      -4.327022552490234,
      -2.963773250579834,
      -2.9395313262939453,
      -3.4327406883239746,
      -2.8368098735809326,
      -3.1624786853790283,
      -2.9115309715270996,
      -2.0555126667022705,
      -3.2352147102355957,
      -2.7344837188720703,
      -3.393237352371216,
      -2.7275238037109375,
      -3.2218270301818848,
      -3.821213960647583,
      -3.069530487060547,
      -3.8209939002990723,
      -2.8178720474243164,
      -3.5045790672302246,
      -2.5136187076568604,
      -3.864409923553467,
      -3.125110626220703,
      -4.444460868835449,
      -4.156170845031738,
      -2.7155072689056396,
      -2.9492719173431396,
      -3.131241798400879,
      -3.212017774581909,
      -2.881453037261963,
      -3.850264549255371,
      -3.1285500526428223,
      -3.205152988433838,
      -3.73325777053833,
      -3.332063913345337,
      -3.33451771736145,
      -2.9714982509613037,
      -3.299409866333008,
      -3.2646985054016113,
      -3.1931653022766113,
      -0.27115070819854736,
      -2.2426445484161377,
      -5.8267927169799805,
      -2.318366050720215,
      -1.4602612257003784,
      -5.17581033706665,
      -2.287111282348633,
      -4.3805251121521,
      -2.931466579437256,
      -2.386496067047119,
      -1.8235113620758057,
      -3.2636590003967285,
      -2.971379280090332,
      -4.014579772949219,
      -3.1169583797454834,
      -2.2748513221740723,
      -2.297376871109009,
      -2.011960744857788,
      -4.010409355163574,
      -2.7535488605499268,
      -3.081393241882324,
      -4.656075477600098,
      -0.1185297742486,
      -2.0053091049194336,
      -2.0486013889312744,
      -1.6991190910339355,
      -1.6083312034606934,
      -2.8910584449768066,
      -3.1981842517852783,
      -3.05501651763916,
      -1.7475191354751587,
      -1.9592828750610352,
      -1.362938404083252,
      -2.497436046600342,
      -2.818819522857666,
      -2.3536295890808105,
      -1.2644914388656616,
      -2.3181614875793457,
      -2.8424253463745117,
      -2.8070778846740723,
      -3.285165548324585,
      -2.794581890106201,
      -3.686570167541504,
      -4.0941162109375,
      -2.4944381713867188,
      -2.0665974617004395,
      -3.592555284500122,
      -2.6260204315185547,
      -4.906902313232422,
      -1.3950186967849731,
      -2.1335723400115967,
      -2.4511120319366455,
      -2.024198055267334,
      -4.519364833831787,
      -4.10853910446167,
      -1.9521039724349976,
      -0.33957669138908386,
      -3.6875805854797363,
      -3.3968348503112793,
      -3.882455348968506,
      -1.9833701848983765,
      -2.4124839305877686,
      -2.9094431400299072,
      -3.5316083431243896,
      -2.734640121459961,
      -1.456330418586731,
      -1.3704609870910645,
      -2.5996463298797607,
      -6.051207065582275,
      -2.343721866607666,
      -1.9059284925460815,
      -2.8154330253601074,
      -2.1426703929901123,
      -2.033433198928833,
      -2.488680124282837,
      -2.245638847351074,
      -2.5548999309539795,
      -0.3800569772720337,
      -3.9045522212982178,
      -1.9331481456756592,
      -3.074528217315674,
      -3.1699414253234863,
      -2.2872731685638428,
      -2.955324172973633,
      -2.379727602005005,
      -0.5129175186157227,
      -1.9978984594345093,
      -0.1704544574022293,
      -4.783375263214111,
      -3.1786763668060303,
      -1.2881922721862793,
      -2.4161009788513184,
      -1.1699129343032837,
      -2.4571683406829834,
      -1.997770071029663,
      -2.38488507270813,
      -1.3028266429901123,
      -1.9573181867599487,
      -2.0867552757263184
    ],