{
  "n_human": 100,
  "n_ai": 100,
  "n_perturbations": 10,
  "metrics": {
    "log_likelihood": {
      "auroc": 0.7707,
      "f1": 0.6627,
      "recall": 0.56,
      "precision": 0.8116,
      "accuracy": 0.715,
      "threshold": -2.711781
    },
    "detectgpt_d": {
      "auroc": 0.5883,
      "f1": 0.7008,
      "recall": 0.89,
      "precision": 0.5779,
      "accuracy": 0.62,
      "threshold": -0.019066
    },
    "detectgpt_z": {
      "auroc": 0.5877,
      "f1": 0.6973,
      "recall": 0.91,
      "precision": 0.5652,
      "accuracy": 0.605,
      "threshold": -0.339292
    }
  },
  "scores": {
    "ll": [
      -3.1539299488067627,
      -2.4550533294677734,
      -3.792340040206909,
      -3.206282615661621,
      -3.231520414352417,
      -4.877627372741699,
      -2.515798330307007,
      -2.544567108154297,
      -3.920322895050049,
      -3.0494301319122314,
      -2.039423942565918,
      -3.8570754528045654,
      -3.998885154724121,
      -3.523375988006592,
      -2.982144594192505,
      -3.0038115978240967,
      -2.4914753437042236,
      -2.453090190887451,
      -3.3622355461120605,
      -4.725154876708984,
      -2.7470364570617676,
      -4.587131500244141,
      -3.362910270690918,
      -2.894535779953003,
      -3.1838319301605225,
      -2.723632335662842,
      -2.8020100593566895,
      -4.123995780944824,
      -3.9250941276550293,
      -4.046343803405762,
      -3.6847171783447266,
      -3.2511086463928223,
      -3.068326950073242,
      -2.9211738109588623,
      -4.140549182891846,
      -2.5685441493988037,
      -3.2550415992736816,
      -2.217015504837036,
      -3.5199527740478516,
      -2.8467719554901123,
      -2.9232981204986572,
      -3.9059221744537354,
      -2.7271347045898438,
      -3.025602340698242,
      -2.677610158920288,
      -2.847447633743286,
      -3.8641045093536377,
      -3.20196533203125,
      -3.4328272342681885,
      -2.7276294231414795,
      -3.0009844303131104,
      -4.719348907470703,
      -3.6851580142974854,
      -3.053600788116455,
      -3.088505268096924,
      -3.4737095832824707,
      -4.451569080352783,
      -2.649623394012451,
      -3.509145498275757,
      -2.9195947647094727,
      -3.520707368850708,
      -2.6504054069519043,
      -2.7896552085876465,
      -4.327022552490234,
      -2.963773250579834,
      -2.9395313262939453,
      -3.4327406883239746,
      -2.8368098735809326,
      -3.1624786853790283,
      -2.9115309715270996,
      -2.0555126667022705,
      -3.2352147102355957,
      -2.7344837188720703,
      -3.393237352371216,
      -2.7275238037109375,
      -3.2218270301818848,
      -3.821213960647583,
      -3.069530487060547,
      -3.8209939002990723,
      -2.8178720474243164,
      -3.5045790672302246,
      -2.5136187076568604,
      -3.864409923553467,
      -3.125110626220703,
      -4.444460868835449,
      -4.156170845031738,
      -2.7155072689056396,
      -2.9492719173431396,
      -3.131241798400879,
      -3.212017774581909,
      -2.881453037261963,
      -3.850264549255371,
      -3.1285500526428223,
      -3.205152988433838,
      -3.73325777053833,
      -3.332063913345337,
      -3.33451771736145,
      -2.9714982509613037,
      -3.299409866333008,
      -3.2646985054016113,
      -3.896918535232544,
      -2.9359772205352783,
      -3.4825353622436523,
      -2.1464459896087646,
      -3.4896297454833984,
      -3.4904286861419678,
      -3.0005409717559814,
      -3.0775370597839355,
      -2.4081947803497314,
      -3.2068560123443604,
      -1.9005396366119385,
      -3.323809862136841,
      -3.3765199184417725,
      -2.5297951698303223,
      -3.1145131587982178,
      -3.893279790878296,
      -2.2868738174438477,
      -2.3315255641937256,
      -2.9843273162841797,
      -2.5775034427642822,
      -2.772073268890381,
      -3.238945960998535,
      -3.31471848487854,
      -2.7314999103546143,
      -2.5127220153808594,
      -2.061506748199463,
      -2.6296613216400146,
      -3.2037456035614014,
      -2.4660441875457764,
      -2.36627197265625,
      -2.250096082687378,
      -0.31775084137916565,
      -2.3752601146698,
      -3.1421358585357666,
      -1.0136975049972534,
      -2.9227354526519775,
      -2.4800608158111572,
      -3.1704626083374023,
      -2.23964786529541,
      -3.0936763286590576,
      -2.620555877685547,
      -2.6693055629730225,
      -2.695406913757324,
      -3.380561113357544,
      -2.749727964401245,
      -1.5094215869903564,
      -1.9264540672302246,
      -2.4546916484832764,
      -3.343964099884033,
      -2.4939794540405273,
      -3.191784381866455,
      -3.0720794200897217,
      -2.784728527069092,
      -1.8831324577331543,
      -2.7714500427246094,
      -2.7117812633514404,
      -2.034475088119507,
      -3.126253604888916,
      -3.6837446689605713,
      -1.9097440242767334,
      -3.1134872436523438,
      -3.3851876258850098,
      -2.488478899002075,
      -2.3364460468292236,
      -2.8279716968536377,
      -2.9853732585906982,
      -1.1578047275543213,
      -1.5260831117630005,
      -3.1803274154663086,
      -3.394758939743042,
      -1.991491675376892,
      -2.744797468185425,
      -2.5180299282073975,
      -2.4292948246002197,
      -2.268563747406006,
      -2.311998128890991,
      -2.8981173038482666,
      -2.5051491260528564,
      -2.831881284713745,
      -2.190303325653076,
      -2.909998893737793,
      -2.1235170364379883,
      -2.792188882827759,
      -2.6898577213287354,
      -3.6240506172180176,
      -1.9472378492355347,
      -0.521971583366394,
      -2.7023324966430664,
      -2.322500467300415,
      -1.457557201385498,
      -2.157989740371704,
      -2.9477672576904297,
      -2.6944382190704346,
      -2.5867738723754883,
      -1.8487361669540405,
      -2.1856939792633057,
      -2.588311195373535,
      -2.2558720111846924,
      -0.6719234585762024,
      -1.9466835260391235
    ],