{
  "auroc": 0.9664,
  "fpr_at_95_tpr": 0.15,
  "n_samples_dataset1": 100,
  "n_samples_dataset2": 99,
  "y_true": [
    0,
    0,
    1,
    1,
    0,
    1,
    0,
    0,
    1,
    1,
    1,
    1,
    0,
    0,
    0,
    0,
    0,
    0,
    0,
    1,
    0,
    1,
    0,
    1,
    0,
    1,
    1,
    0,
    0,
    1,
    1,
    0,
    1,
    1,
    1,
    0,
    1,
    1,
    0,
    0,
    1,
    0,
    0,
    1,
    1,
    0,
    0,
    1,
    1,
    1,
    0,
    0,
    1,
    1,
    0,
    1,
    0,
    1,
    1,
    1,
    1,
    0,
    0,
    0,
    1,
    0,
    0,
    1,
    1,
    0,
    1,
    1,
    0,
    1,
    1,
    0,
    1,
    0,
    1,
    0,
    0,
    0,
    1,
    1,
    1,
    0,
    0,
    0,
    1,
    0,
    0,
    0,
    1,
    1,
    0,
    0,
    1,
    0,
    0,
    1,
    1,
    1,
    1,
    0,
    0,
    1,
    1,
    0,
    1,
    1,
    0,
    1,
    0,
    0,
    1,
    0,
    0,
    1,
    1,
    1,
    0,
    0,
    1,
    1,
    0,
    1,
    0,
    0,
    0,
    1,
    0,
    0,
    1,
    0,
    1,
    0,
    1,
    0,
    1,
    1,
    1,
    1,
    0,
    0,
    0,
    0,
    1,
    0,
    0,
    1,
    1,
    0,
    0,
    0,
    0,
    1,
    1,
    0,
    0,
    1,
    1,
    1,
    1,
    0,
    0,
    1,
    0,
    1,
    0,
    0,
    0,
    0,
    0,
    1,
    1,
    1,
    0,
    1,
    1,
    0,
    0,
    1,
    1,
    1,
    1,
    0,
    1,
    0,
    0,
    1,
    1,
    0,
    1,
    0,
    1,
    0,
    0,
    1,
    1
  ],
  "y_score": [
    -2.0734905491284112,
    1.3042103473846083,
    7.630583624573739,
    7.951871356134738,
    0.04531432544294438,
    8.165366042889877,
    -0.13852712896188304,
    3.5282114253639856,
    8.165366042889877,
    6.8326451225040765,
    7.791227490354239,
    8.8028726014714,
    0.5922200922639821,
    1.1917080461366747,
    0.18181818181818182,
    -0.3651483716701107,
    0.5421047417431508,
    3.1341278071574195,
    0.22845583119247692,
    7.741442779335935,
    0.3941317112657173,
    7.14865202723224,
    -0.6556100681071858,
    8.539529663803558,
    9.636363636363637,
    7.8383671769061705,
    4.449719092257398,
    1.2467441606569474,
    0.5878803211399749,
    9.084399583322703,
    5.702857235207742,
    -0.7249465119962124,
    7.533990064322369,
    4.993438317382943,
    8.165382378538993,
    -1.0530976569399493,
    3.4569957581881914,
    7.7309903583260144,
    0.04588314677411235,
    3.7523938719322816,
    6.2667956144051224,
    1.8047047721927154,
    -1.5616717213937263,
    8.594446819256738,
    6.158402871356008,
    0.09147787074926965,
    1.4284046005106832,
    8.539529663803558,
    9.754534504333172,
    9.237022282378737,
    -1.778001778002667,
    -1.3491570401925506,
    8.650437292962543,
    1.697749375254331,
    -1.4580076006393152,
    7.373592273356226,
    -0.5360562674188973,
    7.356913959435434,
    4.643716460347527,
    9.13550854303521,
    7.846279536449269,
    -0.9282107406174599,
    0.4129483209670112,
    -1.4034083636378991,
    5.077963596336064,
    -1.2837348160276794,
    1.3545709229571927,
    7.851210698609627,
    8.8028726014714,
    -0.36363636363636365,
    10.590722293253208,
    8.017837257372731,
    0.7735267838285931,
    7.680294792817211,
    8.220294910016507,
    -0.9696899027331813,
    8.000425158770529,
    -0.5902995919424497,
    5.798118817183882,
    1.8571428571428572,
    0.2731791823540765,
    2.1286083367607658,
    8.699147040697081,
    6.995837874966481,
    8.910241582768176,
    -1.0660035817780522,
    4.57139525574214,
    1.4164261533933569,
    8.915734550817737,
    -0.7844645405527362,
    -1.3154994953080326,
    -0.5927489783638191,
    8.112515221915238,
    8.92217816219194,
    1.3693063937629153,
    0.053074489243427524,
    8.433802953476238,
    1.734454765433026,
    -0.09759000729485333,
    9.076378416598237,
    7.422208025548886,
    9.03305189235987,
    8.488746876271655,
    -2.114182452358468,
    3.582658654962078,
    9.748859854176581,
    12.133689261487605,
    -2.1057190595598847,
    9.397666148159237,
    2.23606797749979,
    -0.1829557414985393,
    7.897065047448726,
    0.5204834387696162,
    1.92624627460372,
    8.328265125462806,
    -0.9838699100999074,
    -12.533888489041926,
    7.948849635407365,
    8.273159087695738,
    4.041451884327381,
    -0.4602873089491617,
    -0.04719291781830087,
    8.379912286910033,
    8.379912286910033,
    6.444022325288263,
    2.32379000772445,
    -1.2388449629010334,
    -0.8333333333333334,
    2.878277741744304,
    7.90106015622946,
    -0.7715167498104595,
    -5.249512077248736,
    5.3452248382484875,
    -1.7320508075688774,
    10.21994953123804,
    0.0,
    7.741442779335935,
    -1.7894427241903816,
    7.58182540244241,
    8.27605888602368,
    7.791227490354239,
    0.7844645405527362,
    -2.583087382480878,
    -0.620456147874352,
    0.6677651460187684,
    1.2044267419914068,
    9.127304766889967,
    1.4201361099357361,
    -2.060488785479727,
    8.82716936049824,
    9.913144821476802,
    0.22893427324781504,
    3.257703420961977,
    2.497421350525749,
    1.137276805798542,
    3.1378581622109447,
    9.620579793107876,
    -0.15523010514126656,
    2.3050494597834974,
    1.386750490563073,
    7.370307223679931,
    7.262040090592468,
    8.755090685037237,
    0.0842151921066519,
    1.8181818181818181,
    8.8028726014714,
    8.981462390204987,
    8.646920305474705,
    0.7986208584745025,
    -0.6541770389223969,
    1.6835582942151732,
    -3.426837467887154,
    2.81237711208439,
    9.620579793107876,
    8.110537708303205,
    6.145269010400691,
    -1.3566044327122257,
    7.791227490354239,
    8.327041650040513,
    2.630933427433784,
    -1.5205597360275016,
    9.337616548271178,
    9.656851302058229,
    8.539529663803558,
    9.656851302058229,
    2.3836564731139807,
    4.5,
    -0.6255432421712243,
    7.765802747153207,
    7.291164092619461,
    7.058865787567897,
    -1.0634101379502299,
    7.14865202723224,
    -0.7856742013183862,
    8.818163074019441,
    -0.909717652294684,
    -0.3178536264305499,
    8.594446819256738,
    8.165366042889877
  ]
}