{
  "auroc": 0.8619,
  "fpr_at_95_tpr": 0.33,
  "n_samples_dataset1": 100,
  "n_samples_dataset2": 100,
  "y_true": [
    0,
    0,
    0,
    0,
    0,
    0,
    0,
    0,
    0,
    0,
    0,
    0,
    0,
    0,
    0,
    0,
    0,
    0,
    0,
    0,
    0,
    0,
    0,
    0,
    0,
    0,
    0,
    0,
    0,
    0,
    0,
    0,
    0,
    0,
    0,
    0,
    0,
    0,
    0,
    0,
    0,
    0,
    0,
    0,
    0,
    0,
    0,
    0,
    0,
    0,
    0,
    0,
    0,
    0,
    0,
    0,
    0,
    0,
    0,
    0,
    0,
    0,
    0,
    0,
    0,
    0,
    0,
    0,
    0,
    0,
    0,
    0,
    0,
    0,
    0,
    0,
    0,
    0,
    0,
    0,
    0,
    0,
    0,
    0,
    0,
    0,
    0,
    0,
    0,
    0,
    0,
    0,
    0,
    0,
    0,
    0,
    0,
    0,
    0,
    0,
    1,
    1,
    1,
    1,
    1,
    1,
    1,
    1,
    1,
    1,
    1,
    1,
    1,
    1,
    1,
    1,
    1,
    1,
    1,
    1,
    1,
    1,
    1,
    1,
    1,
    1,
    1,
    1,
    1,
    1,
    1,
    1,
    1,
    1,
    1,
    1,
    1,
    1,
    1,
    1,
    1,
    1,
    1,
    1,
    1,
    1,
    1,
    1,
    1,
    1,
    1,
    1,
    1,
    1,
    1,
    1,
    1,
    1,
    1,
    1,
    1,
    1,
    1,
    1,
    1,
    1,
    1,
    1,
    1,
    1,
    1,
    1,
    1,
    1,
    1,
    1,
    1,
    1,
    1,
    1,
    1,
    1,
    1,
    1,
    1,
    1,
    1,
    1,
    1,
    1,
    1,
    1,
    1,
    1,
    1,
    1,
    1,
    1,
    1,
    1
  ],
  "y_score": [
    -0.030149359703063983,
    -0.012358822822570836,
    -0.009572577476501642,
    -0.03422219276428251,
    -0.08904729366302488,
    0.008087978363036985,
    -0.01454657077789312,
    0.02268597126007066,
    -0.12367808818817139,
    -0.11166484355926531,
    0.001695122718810893,
    -0.004184865951537997,
    0.0,
    0.022068648338317676,
    0.0026646375656129706,
    -0.09073062896728512,
    -0.09850626945495566,
    0.0,
    -0.10289553165435805,
    0.05959798812866213,
    -0.11465598106384256,
    -0.05140452384948713,
    -0.01973587036132818,
    -0.06802359580993667,
    0.0,
    -0.061611566543579244,
    -0.033684501647949006,
    0.0,
    -0.049676933288574254,
    0.06494700431823741,
    -0.04042403221130364,
    -0.03882272720336921,
    -0.07070988178253179,
    -0.03227659702301011,
    0.0,
    0.019481229782104315,
    -0.020228452682494957,
    0.038586797714233345,
    0.0,
    -0.17730637550354,
    -0.04428641796112043,
    -0.06472194671630849,
    -0.0030824518203735884,
    -0.005990986824035538,
    0.07024669647216797,
    -0.06873803615570084,
    -0.041395750045776225,
    0.006506018638611,
    -0.004900074005126598,
    0.14704567320803363,
    -0.007240066528320099,
    -0.01629442214965815,
    -0.0003632545471190518,
    -0.1152631855010986,
    -0.0701060199737551,
    -0.06588172435760509,
    -0.009361104965210032,
    0.0,
    -0.06846026420593265,
    -0.006206936836242516,
    -0.05219466686248797,
    0.0,
    -0.0620397567749027,
    0.0,
    -0.019416027069091957,
    -0.013991737365722567,
    -0.0016411352157592596,
    -0.041224575042724254,
    0.0,
    0.0,
    -0.0972660970687862,
    0.0,
    -0.013251876831054776,
    -0.06483776092529281,
    -0.08858337402343786,
    -0.010426931381225302,
    -0.04724014282226552,
    0.0,
    -0.07612097740173329,
    -0.02555458068847649,
    0.011432399749756073,
    -0.018048334121703924,
    0.0,
    -0.030616526603698624,
    -0.015174584388732981,
    0.007428379058838086,
    -0.055380425453186,
    -0.013548650741577184,
    -0.03318617820739744,
    -0.00577906131744399,
    -0.023117275238037305,
    -0.0077405118942261986,
    0.025331091880798517,
    -0.12673270225524913,
    -0.04604232311248779,
    -0.025249681472778285,
    -0.05372829914093025,
    0.00032329559326171875,
    0.0012528944015501864,
    -0.07350185871124282,
    0.0,
    0.22167256832122817,
    0.11937890052795419,
    0.0,
    0.08349047660827624,
    -0.005565938949585014,
    0.05163703918457019,
    0.07282997608184827,
    0.0,
    0.08687851905822752,
    0.0,
    0.0,
    0.0,
    0.0,
    0.0,
    0.09848289966583268,
    0.00911991834640502,
    0.0,
    0.002775882482528691,
    0.05056557178497334,
    0.010203489065170324,
    0.0,
    0.13897728443145763,
    0.0,
    0.0,
    0.05846321105957042,
    0.011701002120971804,
    0.04141502380371076,
    0.0241495037078856,
    0.1270807981491089,
    0.041932091712951536,
    0.0,
    0.03210116386413553,
    0.0,
    0.0,
    0.0,
    0.1408265399932862,
    0.055465865135192916,
    0.0,
    0.06986183881759644,
    0.0,
    0.02446609497070318,
    0.04684430599212641,
    0.056879367828369,
    0.0,
    0.08923974514007549,
    0.12244703931113088,
    0.08585503578186016,
    0.010384759902954066,
    0.0,
    0.10397545337677006,
    0.02210807681083682,
    0.0,
    0.0,
    0.0,
    0.0,
    0.0,
    0.0,
    0.0463941192626951,
    0.09122863531112668,
    0.0640383386611938,
    0.0,
    0.07156502246856711,
    0.04473236799240121,
    0.0,
    -0.017777175903320508,
    0.05944142460823054,
    0.1656332516670227,
    0.08165285587310789,
    0.11502221847573912,
    0.08731100559234628,
    0.0,
    0.0,
    0.0530898714065553,
    0.00488136768341052,
    0.0,
    0.06861436128616338,
    0.073944845199585,
    0.0,
    0.0,
    0.05276942253112793,
    0.07833885192871093,
    -0.002691140174865936,
    -0.0026325607299804155,
    0.05561269879341124,
    0.04219347953796371,
    0.0,
    0.10802090167999268,
    0.07460625171661378,
    0.028941001892089868,
    0.11672981262207038,
    0.0,
    0.05586608409881588,
    -0.015028829574585068,
    -0.0008950245380401622,
    0.013113481998443532,
    -0.01765929222106921,
    0.0,
    0.007298134565353442,
    0.0
  ]
}