{
  "auroc": 0.9421,
  "fpr_at_95_tpr": 0.32,
  "n_samples_dataset1": 100,
  "n_samples_dataset2": 91,
  "y_true": [
    0,
    0,
    0,
    0,
    0,
    0,
    0,
    0,
    0,
    0,
    0,
    0,
    0,
    0,
    0,
    0,
    0,
    0,
    0,
    0,
    0,
    0,
    0,
    0,
    0,
    0,
    0,
    0,
    0,
    0,
    0,
    0,
    0,
    0,
    0,
    0,
    0,
    0,
    0,
    0,
    0,
    0,
    0,
    0,
    0,
    0,
    0,
    0,
    0,
    0,
    0,
    0,
    0,
    0,
    0,
    0,
    0,
    0,
    0,
    0,
    0,
    0,
    0,
    0,
    0,
    0,
    0,
    0,
    0,
    0,
    0,
    0,
    0,
    0,
    0,
    0,
    0,
    0,
    0,
    0,
    0,
    0,
    0,
    0,
    0,
    0,
    0,
    0,
    0,
    0,
    0,
    0,
    0,
    0,
    0,
    0,
    0,
    0,
    0,
    0,
    1,
    1,
    1,
    1,
    1,
    1,
    1,
    1,
    1,
    1,
    1,
    1,
    1,
    1,
    1,
    1,
    1,
    1,
    1,
    1,
    1,
    1,
    1,
    1,
    1,
    1,
    1,
    1,
    1,
    1,
    1,
    1,
    1,
    1,
    1,
    1,
    1,
    1,
    1,
    1,
    1,
    1,
    1,
    1,
    1,
    1,
    1,
    1,
    1,
    1,
    1,
    1,
    1,
    1,
    1,
    1,
    1,
    1,
    1,
    1,
    1,
    1,
    1,
    1,
    1,
    1,
    1,
    1,
    1,
    1,
    1,
    1,
    1,
    1,
    1,
    1,
    1,
    1,
    1,
    1,
    1,
    1,
    1,
    1,
    1,
    1,
    1,
    1,
    1,
    1,
    1
  ],
  "y_score": [
    -0.03735841751098645,
    -0.0062814617156981,
    -0.014041047096252424,
    -0.019008188247680913,
    -0.07001730442047105,
    0.0008881044387818449,
    -0.022524065971374352,
    0.035730223655700666,
    -0.12329436779022229,
    -0.11348248481750467,
    0.009491100311279421,
    -0.019986548423767125,
    0.0,
    0.0018789911270142845,
    0.020775141716003365,
    -0.07902506828308109,
    -0.08123708724975565,
    0.0,
    -0.08687348842620857,
    0.02387431621551528,
    -0.12347371101379423,
    -0.03554149150848396,
    -0.008575716018676793,
    -0.06768634796142559,
    0.0,
    -0.07036173820495595,
    -0.02694420337676995,
    0.0,
    -0.05563909053802485,
    0.055766315460205274,
    -0.02321418762207017,
    -0.019268898963928027,
    -0.05993463993072501,
    -0.011646614074706907,
    0.0,
    0.01538837909698465,
    -0.023786082267761355,
    0.040388255119323535,
    0.0,
    -0.17448983192443812,
    -0.050809917449951225,
    -0.05922820091247516,
    0.009215407371521156,
    -0.013231973648071271,
    0.0,
    -0.04438599586486802,
    -0.040754241943359304,
    -0.0068367719650268555,
    -0.0042073631286623225,
    0.1194423486789069,
    0.017736220359802157,
    -0.008749847412109268,
    0.008273887634277166,
    -0.10507114410400398,
    -0.04827780723571795,
    -0.0790957593917847,
    -0.01691674709320079,
    0.0,
    -0.06245023250579829,
    -0.01793581008911138,
    -0.059258127212524325,
    0.0,
    -0.04676758766174327,
    0.0,
    -0.04983253002166732,
    -0.023970580101013272,
    0.004083032608032333,
    -0.06599170684814482,
    0.026454925537109375,
    0.0,
    -0.10392833232879628,
    0.0,
    -0.022498140335082795,
    -0.08011001586914057,
    -0.08807652473449679,
    -0.02584829807281519,
    -0.03397662639617938,
    0.0,
    -0.06944820404052754,
    -0.009537138938903844,
    0.006968760490417392,
    -0.03702733993530272,
    0.0,
    -0.04550655841827389,
    0.007449584007263255,
    0.027927975654602033,
    -0.04869657993316645,
    -0.008903546333312917,
    -0.058803839683532644,
    -0.012388262748718404,
    -0.002191710472106756,
    -0.008418788909912323,
    -0.008599166870117081,
    -0.11053986549377459,
    -0.05965972423553456,
    -0.04244103908538799,
    -0.05054640769958496,
    -0.017893357276916433,
    -0.012805581092834473,
    -0.07499536991119404,
    0.08992545604705793,
    0.10288739681243886,
    0.07131460666656508,
    0.0462033748626709,
    0.04617527008056621,
    0.016560549736023056,
    0.08047276020050065,
    -0.057927446365356516,
    0.08926046848297098,
    0.025369882583618164,
    0.05892249107360836,
    0.07555122852325447,
    0.04925184726715104,
    0.042662205696105904,
    0.20441220760345447,
    0.08490511894226094,
    0.08031497001647958,
    0.08862257957458475,
    0.022829370498657298,
    0.06298800945281968,
    0.016099414825439418,
    0.1102170991897582,
    0.09679535388946547,
    0.08828999996185294,
    0.04827175617218016,
    0.12021888256072977,
    0.037138123512268084,
    0.07529687404632579,
    0.09783582687377912,
    0.08516335010528575,
    0.09010905742645248,
    0.06279259681701665,
    0.053394865989685236,
    0.1025802659988404,
    -0.05366206169128418,
    0.028281116485595614,
    0.09984376907348613,
    0.07480862617492656,
    0.029295225143432635,
    0.11747748851776141,
    0.022263879776001083,
    0.14346505165100076,
    0.09165864467620866,
    0.13764156341552747,
    0.11081544399261478,
    0.05409437179565435,
    0.016688714027404572,
    0.031212415695190288,
    0.029154877662658674,
    0.11826908111572276,
    0.1364055490493774,
    0.06492107391357438,
    0.03446654319763187,
    0.06415016651153582,
    0.07596537590026875,
    0.014362592697143572,
    0.057344713211059606,
    0.041798276901245046,
    0.00928528308868426,
    0.014007544517517179,
    0.08488128662109373,
    -0.014829864501953116,
    0.07283077239990243,
    0.08440411567687978,
    0.027024054527282626,
    0.0440328073501588,
    0.07628002643585186,
    -0.04561769008636474,
    0.08149773597717269,
    0.10198968410491949,
    0.1015601396560668,
    0.07032903671264634,
    0.029733141064643864,
    0.11318373203277599,
    0.024664983749389524,
    0.01710666179656961,
    0.0606306791305542,
    0.014061884880065989,
    0.04696216106414797,
    0.059714779853820676,
    0.02886270999908458,
    0.06948437690734854,
    0.11838723182678201,
    0.05632890224456766,
    0.01682548522949201,
    0.08000783920288068,
    -0.00064427852630633,
    0.07702818870544448,
    0.006519994735717738,
    0.060449366569518936,
    0.07393846035003682
  ]
}