{
  "auroc": 0.9945,
  "fpr_at_95_tpr": 0.04,
  "n_samples_dataset1": 100,
  "n_samples_dataset2": 99,
  "y_true": [
    0,
    0,
    1,
    1,
    0,
    1,
    0,
    0,
    1,
    1,
    1,
    1,
    0,
    0,
    0,
    0,
    0,
    0,
    0,
    1,
    0,
    1,
    0,
    1,
    0,
    1,
    1,
    0,
    0,
    1,
    1,
    0,
    1,
    1,
    1,
    0,
    1,
    1,
    0,
    0,
    1,
    0,
    0,
    1,
    1,
    0,
    0,
    1,
    1,
    1,
    0,
    0,
    1,
    1,
    0,
    1,
    0,
    1,
    1,
    1,
    1,
    0,
    0,
    0,
    1,
    0,
    0,
    1,
    1,
    0,
    1,
    1,
    0,
    1,
    1,
    0,
    1,
    0,
    1,
    0,
    0,
    0,
    1,
    1,
    1,
    0,
    0,
    0,
    1,
    0,
    0,
    0,
    1,
    1,
    0,
    0,
    1,
    0,
    0,
    1,
    1,
    1,
    1,
    0,
    0,
    1,
    1,
    0,
    1,
    1,
    0,
    1,
    0,
    0,
    1,
    0,
    0,
    1,
    1,
    1,
    0,
    0,
    1,
    1,
    0,
    1,
    0,
    0,
    0,
    1,
    0,
    0,
    1,
    0,
    1,
    0,
    1,
    0,
    1,
    1,
    1,
    1,
    0,
    0,
    0,
    0,
    1,
    0,
    0,
    1,
    1,
    0,
    0,
    0,
    0,
    1,
    1,
    0,
    0,
    1,
    1,
    1,
    1,
    0,
    0,
    1,
    0,
    1,
    0,
    0,
    0,
    0,
    0,
    1,
    1,
    1,
    0,
    1,
    1,
    0,
    0,
    1,
    1,
    1,
    1,
    0,
    1,
    0,
    0,
    1,
    1,
    0,
    1,
    0,
    1,
    0,
    0,
    1,
    1
  ],
  "y_score": [
    -0.23287321641631115,
    0.870571500132014,
    7.630583624573739,
    7.951871356134738,
    0.07738232325341368,
    8.165366042889877,
    -0.17374889710522776,
    -1.104689541477988,
    8.165366042889877,
    6.8326451225040765,
    7.791227490354239,
    8.8028726014714,
    -1.106222768505206,
    -1.3416407864998738,
    -0.34099716973523675,
    -0.443079020497369,
    -1.096908636190696,
    -0.30042088406305484,
    1.9978122144773438,
    7.741442779335935,
    -0.8994380267950337,
    7.14865202723224,
    -0.47205518296516197,
    8.539529663803558,
    -0.4980582450917523,
    7.8383671769061705,
    4.449719092257398,
    -0.9494253265550826,
    -0.44026290760380005,
    9.084399583322703,
    5.702857235207742,
    -1.018266349953196,
    7.533990064322369,
    4.993438317382943,
    8.165382378538993,
    0.6999132392733555,
    3.4569957581881914,
    7.7309903583260144,
    0.30845685446746224,
    0.7875615306482168,
    6.2667956144051224,
    -0.2535100632816969,
    1.16,
    8.594446819256738,
    6.158402871356008,
    0.22645540682891913,
    0.9438798074485389,
    8.539529663803558,
    9.754534504333172,
    9.237022282378737,
    0.41702882811414954,
    0.4527923591472056,
    8.650437292962543,
    1.697749375254331,
    0.21622499104693416,
    7.373592273356226,
    -0.24806946917841693,
    7.356913959435434,
    4.643716460347527,
    9.13550854303521,
    7.846279536449269,
    -0.4603482701187488,
    -0.5185629788417315,
    -1.8173764450044858,
    5.077963596336064,
    -0.42365927286816174,
    -0.736321040510724,
    7.851210698609627,
    8.8028726014714,
    2.3634937526960447,
    10.590722293253208,
    8.017837257372731,
    -0.6335035120929975,
    7.680294792817211,
    8.220294910016507,
    1.6037507477489603,
    8.000425158770529,
    1.3631084021929556,
    5.798118817183882,
    -0.1655211777204736,
    0.6689458755944953,
    1.5061395605450798,
    8.699147040697081,
    6.995837874966481,
    8.910241582768176,
    0.11704114719613057,
    -3.059874484093601,
    -0.5121475197315839,
    8.915734550817737,
    -0.14744195615489714,
    0.06917144638660747,
    1.291543691240439,
    8.112515221915238,
    8.92217816219194,
    -2.2146126712858005,
    -0.24806946917841693,
    8.433802953476238,
    1.4079697633917962,
    -1.4381849910133495,
    9.076378416598237,
    7.422208025548886,
    9.03305189235987,
    8.488746876271655,
    -0.2857142857142857,
    -0.24743582965269675,
    9.748859854176581,
    12.133689261487605,
    -0.7985836518841366,
    9.397666148159237,
    2.23606797749979,
    -0.6958740458438459,
    7.897065047448726,
    3.499271061118826,
    2.5180586386802877,
    8.328265125462806,
    -0.9561828874675149,
    -2.8838423609119013,
    7.948849635407365,
    8.273159087695738,
    4.041451884327381,
    0.8241633836921342,
    -0.592156525463792,
    8.379912286910033,
    8.379912286910033,
    0.917662935482247,
    2.32379000772445,
    1.4093285268352882,
    1.3949716649258315,
    -1.616580753730952,
    7.90106015622946,
    0.0563436169819011,
    -0.06415002990995841,
    5.3452248382484875,
    -0.7614996105085897,
    10.21994953123804,
    -0.20851441405707474,
    7.741442779335935,
    0.7029996402619949,
    7.58182540244241,
    8.27605888602368,
    7.791227490354239,
    0.7844645405527362,
    0.8551861104941365,
    -2.530947243657587,
    0.8396642014656941,
    -1.7272989445477054,
    9.127304766889967,
    1.8382900600361156,
    -2.01551842960052,
    8.82716936049824,
    9.913144821476802,
    2.6466936980262883,
    -1.015346165133619,
    1.3832519028621117,
    -0.5468687416197306,
    3.1378581622109447,
    9.620579793107876,
    -0.11547005383792515,
    -0.8488746876271654,
    1.386750490563073,
    7.370307223679931,
    7.262040090592468,
    8.755090685037237,
    -0.8682431421244593,
    -1.4795908857482156,
    8.8028726014714,
    -0.1027180436096851,
    8.646920305474705,
    -2.481510575605533,
    -1.6239245061540772,
    1.2792042981336627,
    1.0718844015157447,
    0.9578414886923188,
    9.620579793107876,
    8.110537708303205,
    6.145269010400691,
    -1.2664755805145254,
    7.791227490354239,
    8.327041650040513,
    0.1829132282549077,
    0.8212630929949859,
    9.337616548271178,
    9.656851302058229,
    8.539529663803558,
    9.656851302058229,
    -1.1703282643965742,
    4.5,
    -0.33786868919974294,
    -1.1869901797828653,
    7.291164092619461,
    7.058865787567897,
    -0.973417168333576,
    7.14865202723224,
    -0.18609684207969418,
    8.818163074019441,
    -0.5447047794019222,
    1.0797236261230418,
    8.594446819256738,
    8.165366042889877
  ]
}