{
  "auroc": 0.5509,
  "fpr_at_95_tpr": 0.95,
  "n_samples_dataset1": 100,
  "n_samples_dataset2": 100,
  "y_true": [
    0,
    0,
    0,
    1,
    1,
    1,
    0,
    1,
    1,
    0,
    0,
    1,
    1,
    0,
    1,
    1,
    0,
    1,
    0,
    0,
    1,
    0,
    1,
    0,
    0,
    0,
    0,
    0,
    1,
    1,
    0,
    0,
    0,
    0,
    1,
    1,
    1,
    1,
    1,
    0,
    0,
    1,
    0,
    0,
    1,
    1,
    0,
    0,
    1,
    0,
    1,
    1,
    0,
    1,
    1,
    0,
    1,
    0,
    1,
    0,
    1,
    0,
    0,
    0,
    0,
    1,
    0,
    1,
    0,
    1,
    0,
    1,
    1,
    0,
    1,
    1,
    0,
    1,
    1,
    1,
    0,
    0,
    0,
    1,
    1,
    0,
    1,
    0,
    1,
    0,
    0,
    1,
    1,
    0,
    0,
    1,
    1,
    0,
    0,
    1,
    0,
    0,
    1,
    1,
    1,
    1,
    0,
    0,
    1,
    1,
    1,
    0,
    1,
    1,
    0,
    1,
    0,
    0,
    1,
    0,
    0,
    1,
    1,
    1,
    0,
    0,
    1,
    1,
    0,
    0,
    1,
    0,
    0,
    1,
    0,
    1,
    0,
    1,
    0,
    1,
    1,
    1,
    1,
    0,
    0,
    0,
    0,
    1,
    0,
    0,
    1,
    1,
    0,
    0,
    0,
    0,
    1,
    1,
    0,
    0,
    1,
    1,
    1,
    1,
    0,
    0,
    1,
    0,
    1,
    0,
    0,
    0,
    0,
    0,
    1,
    1,
    1,
    0,
    1,
    1,
    0,
    0,
    1,
    1,
    1,
    1,
    0,
    1,
    0,
    0,
    1,
    1,
    0,
    1,
    0,
    1,
    0,
    0,
    1,
    1
  ],
  "y_score": [
    -0.24806946917841693,
    0.870571500132014,
    -1.3416407864998738,
    0.7986208584745025,
    -0.9838699100999074,
    1.3042103473846083,
    0.6999132392733555,
    -0.1829557414985393,
    7.765802747153207,
    -1.018266349953196,
    -0.4980582450917523,
    -2.0734905491284112,
    0.5922200922639821,
    0.7875615306482168,
    0.18181818181818182,
    0.2731791823540765,
    0.41702882811414954,
    -1.5205597360275016,
    -0.23287321641631115,
    -0.17374889710522776,
    -1.5616717213937263,
    -0.8994380267950337,
    -0.6541770389223969,
    0.21622499104693416,
    -1.106222768505206,
    -0.30042088406305484,
    1.3949716649258315,
    -1.104689541477988,
    -0.4602873089491617,
    -0.09759000729485333,
    -0.9494253265550826,
    -0.44026290760380005,
    -1.096908636190696,
    0.30845685446746224,
    8.981462390204987,
    1.734454765433026,
    -1.4034083636378991,
    -1.3566044327122257,
    0.5204834387696162,
    0.07738232325341368,
    1.4093285268352882,
    -0.5902995919424497,
    -0.2535100632816969,
    1.16,
    1.4164261533933569,
    -0.5360562674188973,
    0.22645540682891913,
    0.9438798074485389,
    -1.7320508075688774,
    -0.34099716973523675,
    -0.909717652294684,
    1.3545709229571927,
    0.4527923591472056,
    -0.9696899027331813,
    -0.15523010514126656,
    -0.736321040510724,
    -12.533888489041926,
    -0.14744195615489714,
    2.3050494597834974,
    -0.47205518296516197,
    -1.0530976569399493,
    1.3631084021929556,
    -0.4603482701187488,
    -0.5185629788417315,
    -1.8173764450044858,
    1.4284046005106832,
    -0.42365927286816174,
    0.22893427324781504,
    1.9978122144773438,
    -1.0660035817780522,
    2.3634937526960447,
    0.053074489243427524,
    3.582658654962078,
    -0.6335035120929975,
    0.5878803211399749,
    2.497421350525749,
    1.6037507477489603,
    2.878277741744304,
    -2.1057190595598847,
    -0.5927489783638191,
    -0.1655211777204736,
    0.6689458755944953,
    1.5061395605450798,
    -0.6255432421712243,
    1.4201361099357361,
    -0.443079020497369,
    4.57139525574214,
    0.11704114719613057,
    0.22845583119247692,
    -3.059874484093601,
    -0.5121475197315839,
    0.7735267838285931,
    2.630933427433784,
    0.06917144638660747,
    1.291543691240439,
    -5.249512077248736,
    1.137276805798542,
    -2.2146126712858005,
    -0.24806946917841693,
    -1.0634101379502299,
    1.4079697633917962,
    -1.4381849910133495,
    -1.2837348160276794,
    -0.7249465119962124,
    1.2467441606569474,
    1.92624627460372,
    -0.2857142857142857,
    -0.24743582965269675,
    0.4129483209670112,
    2.1286083367607658,
    9.636363636363637,
    -0.7985836518841366,
    -0.7844645405527362,
    -1.7894427241903816,
    -0.6958740458438459,
    -0.04719291781830087,
    3.499271061118826,
    2.5180586386802877,
    0.0842151921066519,
    -0.9561828874675149,
    -2.8838423609119013,
    3.257703420961977,
    0.5421047417431508,
    -1.778001778002667,
    0.8241633836921342,
    -0.592156525463792,
    -0.8333333333333334,
    -0.7715167498104595,
    0.917662935482247,
    -1.616580753730952,
    -0.13852712896188304,
    0.0563436169819011,
    -0.06415002990995841,
    1.8181818181818181,
    -0.7614996105085897,
    1.8047047721927154,
    -0.20851441405707474,
    -1.3491570401925506,
    0.7029996402619949,
    -1.3154994953080326,
    -0.620456147874352,
    3.7523938719322816,
    -0.3651483716701107,
    0.8551861104941365,
    -2.530947243657587,
    0.8396642014656941,
    -1.7272989445477054,
    -2.114182452358468,
    1.8382900600361156,
    -2.01551842960052,
    0.04531432544294438,
    6.444022325288263,
    2.6466936980262883,
    -1.015346165133619,
    1.3832519028621117,
    -0.5468687416197306,
    -0.7856742013183862,
    -0.9282107406174599,
    -0.11547005383792515,
    -0.8488746876271654,
    0.04588314677411235,
    0.6677651460187684,
    3.5282114253639856,
    -2.060488785479727,
    -0.8682431421244593,
    -1.4795908857482156,
    1.2044267419914068,
    -0.1027180436096851,
    -0.6556100681071858,
    -2.481510575605533,
    -1.6239245061540772,
    1.2792042981336627,
    1.0718844015157447,
    0.9578414886923188,
    3.1341278071574195,
    -0.3178536264305499,
    0.09147787074926965,
    -1.2664755805145254,
    2.81237711208439,
    -1.4580076006393152,
    0.1829132282549077,
    0.8212630929949859,
    -2.583087382480878,
    1.1917080461366747,
    -0.36363636363636365,
    0.0,
    -1.1703282643965742,
    0.3941317112657173,
    -0.33786868919974294,
    -1.1869901797828653,
    -3.426837467887154,
    2.3836564731139807,
    -0.973417168333576,
    1.6835582942151732,
    -0.18609684207969418,
    1.3693063937629153,
    -0.5447047794019222,
    1.0797236261230418,
    -1.2388449629010334,
    1.8571428571428572
  ]
}