{
  "auroc": 0.577,
  "fpr_at_95_tpr": 0.99,
  "n_samples_dataset1": 100,
  "n_samples_dataset2": 100,
  "y_true": [
    0,
    0,
    0,
    1,
    1,
    1,
    0,
    1,
    1,
    0,
    0,
    1,
    1,
    0,
    1,
    1,
    0,
    1,
    0,
    0,
    1,
    0,
    1,
    0,
    0,
    0,
    0,
    0,
    1,
    1,
    0,
    0,
    0,
    0,
    1,
    1,
    1,
    1,
    1,
    0,
    0,
    1,
    0,
    0,
    1,
    1,
    0,
    0,
    1,
    0,
    1,
    1,
    0,
    1,
    1,
    0,
    1,
    0,
    1,
    0,
    1,
    0,
    0,
    0,
    0,
    1,
    0,
    1,
    0,
    1,
    0,
    1,
    1,
    0,
    1,
    1,
    0,
    1,
    1,
    1,
    0,
    0,
    0,
    1,
    1,
    0,
    1,
    0,
    1,
    0,
    0,
    1,
    1,
    0,
    0,
    1,
    1,
    0,
    0,
    1,
    0,
    0,
    1,
    1,
    1,
    1,
    0,
    0,
    1,
    1,
    1,
    0,
    1,
    1,
    0,
    1,
    0,
    0,
    1,
    0,
    0,
    1,
    1,
    1,
    0,
    0,
    1,
    1,
    0,
    0,
    1,
    0,
    0,
    1,
    0,
    1,
    0,
    1,
    0,
    1,
    1,
    1,
    1,
    0,
    0,
    0,
    0,
    1,
    0,
    0,
    1,
    1,
    0,
    0,
    0,
    0,
    1,
    1,
    0,
    0,
    1,
    1,
    1,
    1,
    0,
    0,
    1,
    0,
    1,
    0,
    0,
    0,
    0,
    0,
    1,
    1,
    1,
    0,
    1,
    1,
    0,
    0,
    1,
    1,
    1,
    1,
    0,
    1,
    0,
    0,
    1,
    1,
    0,
    1,
    0,
    1,
    0,
    0,
    1,
    1
  ],
  "y_score": [
    -0.24806946917841693,
    0.870571500132014,
    -1.3416407864998738,
    -4.333640400605072,
    0.7035264706814485,
    -2.1565078983832806,
    0.6999132392733555,
    -2.3535647464445937,
    0.3841106397986879,
    -1.018266349953196,
    -0.4980582450917523,
    1.5309310892394865,
    -0.3535533905932738,
    0.7875615306482168,
    -0.08944271909999159,
    -2.6673253468463223,
    0.41702882811414954,
    -0.050964719143762556,
    -0.23287321641631115,
    -0.17374889710522776,
    2.718329078146948,
    -0.8994380267950337,
    -0.08804509063256238,
    0.21622499104693416,
    -1.106222768505206,
    -0.30042088406305484,
    1.3949716649258315,
    -1.104689541477988,
    2.213211486674006,
    -4.13672575837461,
    -0.9494253265550826,
    -0.44026290760380005,
    -1.096908636190696,
    0.30845685446746224,
    2.786391062876764,
    1.3255082465053867,
    0.1125087900926024,
    1.7411334645353642,
    1.0169503597462533,
    0.07738232325341368,
    1.4093285268352882,
    -1.0712167955150314,
    -0.2535100632816969,
    1.16,
    -1.280690190489775,
    -0.16666666666666666,
    0.22645540682891913,
    0.9438798074485389,
    0.46195657812238883,
    -0.34099716973523675,
    -0.9457924331331944,
    1.3270175619621987,
    0.4527923591472056,
    -1.138989594902999,
    0.457495710997814,
    -0.736321040510724,
    -1.220713252598833,
    -0.14744195615489714,
    1.8766297265136729,
    -0.47205518296516197,
    0.0,
    1.3631084021929556,
    -0.4603482701187488,
    -0.5185629788417315,
    -1.8173764450044858,
    -0.21140656903267596,
    -0.42365927286816174,
    1.3127849234810511,
    1.9978122144773438,
    2.046969136217764,
    2.3634937526960447,
    -1.7260884807271526,
    0.3244428422615251,
    -0.6335035120929975,
    1.049344364594206,
    0.2844400619942871,
    1.6037507477489603,
    1.5389675281277313,
    0.5555555555555556,
    0.43133109281375365,
    -0.1655211777204736,
    0.6689458755944953,
    1.5061395605450798,
    -0.5153385008824815,
    2.286220488866142,
    -0.443079020497369,
    1.0259783520851542,
    0.11704114719613057,
    -0.23904572186687872,
    -3.059874484093601,
    -0.5121475197315839,
    -0.3725724067886446,
    0.0,
    0.06917144638660747,
    1.291543691240439,
    1.4638501094227998,
    3.181292593914207,
    -2.2146126712858005,
    -0.24806946917841693,
    0.6713450866373513,
    1.4079697633917962,
    -1.4381849910133495,
    -2.687727775838715,
    0.9538209664765319,
    1.1898261530617842,
    0.0,
    -0.2857142857142857,
    -0.24743582965269675,
    -2.9488391230979425,
    0.9260490081948336,
    -2.2074709911560744,
    -0.7985836518841366,
    -0.0949157995752499,
    -2.233761563293962,
    -0.6958740458438459,
    1.5230192477004287,
    3.499271061118826,
    2.5180586386802877,
    1.5366996398556647,
    -0.9561828874675149,
    -2.8838423609119013,
    1.2666666666666666,
    -1.1359236684941296,
    0.3288886900144577,
    0.8241633836921342,
    -0.592156525463792,
    5.409289848646186,
    1.4966941037143293,
    0.917662935482247,
    -1.616580753730952,
    -0.2519763153394848,
    0.0563436169819011,
    -0.06415002990995841,
    -1.979653590929729,
    -0.7614996105085897,
    0.13934660285832354,
    -0.20851441405707474,
    -1.5339299776947408,
    0.7029996402619949,
    1.18518743694843,
    0.4889012070387047,
    0.39391929857916763,
    0.6316761657092368,
    0.8551861104941365,
    -2.530947243657587,
    0.8396642014656941,
    -1.7272989445477054,
    -2.9536944284983777,
    1.8382900600361156,
    -2.01551842960052,
    0.8320502943378437,
    -1.3805369799252667,
    2.6466936980262883,
    -1.015346165133619,
    1.3832519028621117,
    -0.5468687416197306,
    1.2018504251546631,
    4.213504858001922,
    -0.11547005383792515,
    -0.8488746876271654,
    0.34259435491376583,
    0.08137884587711594,
    0.3922322702763681,
    2.81019505758626,
    -0.8682431421244593,
    -1.4795908857482156,
    0.6054055145966812,
    -0.1027180436096851,
    -1.059625885652035,
    -2.481510575605533,
    -1.6239245061540772,
    1.2792042981336627,
    1.0718844015157447,
    0.9578414886923188,
    0.3779644730092272,
    1.6884452782447879,
    0.7142857142857143,
    -1.2664755805145254,
    -2.1366871784997987,
    -3.3287514296784138,
    0.1829132282549077,
    0.8212630929949859,
    -0.11547005383792514,
    6.621278457615578,
    -1.4795908857482156,
    -0.19245008972987526,
    -1.1703282643965742,
    1.5266450672275869,
    -0.33786868919974294,
    -1.1869901797828653,
    0.04885319687460315,
    1.7955168049937391,
    -0.973417168333576,
    -3.188213587944343,
    -0.18609684207969418,
    -0.04751143381455799,
    -0.5447047794019222,
    1.0797236261230418,
    -2.114182452358468,
    -0.059028133610095526
  ]
}