{
  "auroc": 0.7765,
  "fpr_at_95_tpr": 0.65,
  "n_samples_dataset1": 100,
  "n_samples_dataset2": 98,
  "y_true": [
    0,
    0,
    0,
    0,
    0,
    0,
    0,
    0,
    0,
    0,
    0,
    0,
    0,
    0,
    0,
    0,
    0,
    0,
    0,
    0,
    0,
    0,
    0,
    0,
    0,
    0,
    0,
    0,
    0,
    0,
    0,
    0,
    0,
    0,
    0,
    0,
    0,
    0,
    0,
    0,
    0,
    0,
    0,
    0,
    0,
    0,
    0,
    0,
    0,
    0,
    0,
    0,
    0,
    0,
    0,
    0,
    0,
    0,
    0,
    0,
    0,
    0,
    0,
    0,
    0,
    0,
    0,
    0,
    0,
    0,
    0,
    0,
    0,
    0,
    0,
    0,
    0,
    0,
    0,
    0,
    0,
    0,
    0,
    0,
    0,
    0,
    0,
    0,
    0,
    0,
    0,
    0,
    0,
    0,
    0,
    0,
    0,
    0,
    0,
    0,
    1,
    1,
    1,
    1,
    1,
    1,
    1,
    1,
    1,
    1,
    1,
    1,
    1,
    1,
    1,
    1,
    1,
    1,
    1,
    1,
    1,
    1,
    1,
    1,
    1,
    1,
    1,
    1,
    1,
    1,
    1,
    1,
    1,
    1,
    1,
    1,
    1,
    1,
    1,
    1,
    1,
    1,
    1,
    1,
    1,
    1,
    1,
    1,
    1,
    1,
    1,
    1,
    1,
    1,
    1,
    1,
    1,
    1,
    1,
    1,
    1,
    1,
    1,
    1,
    1,
    1,
    1,
    1,
    1,
    1,
    1,
    1,
    1,
    1,
    1,
    1,
    1,
    1,
    1,
    1,
    1,
    1,
    1,
    1,
    1,
    1,
    1,
    1,
    1,
    1,
    1,
    1,
    1,
    1,
    1,
    1,
    1,
    1
  ],
  "y_score": [
    -0.037992429733276545,
    -0.011787838935851891,
    -0.0013624000549317117,
    -0.028428668975830185,
    -0.09269898414611832,
    0.0034259176254272106,
    -0.009346847534179581,
    0.020735917091369682,
    -0.11695242404937733,
    -0.09071267127990712,
    0.011538090705871529,
    -0.023977594375610423,
    0.0,
    -0.003386440277099556,
    0.02296672344207762,
    -0.0983197593688967,
    -0.07763599395751974,
    0.0,
    -0.07047421455383329,
    0.030161061286926305,
    -0.09665991783142047,
    -0.058591403961181676,
    -0.016692910194397115,
    -0.07030402183532702,
    0.0,
    -0.05611105442047126,
    -0.031905493736267054,
    0.0,
    -0.059541349411010636,
    0.06723556995391844,
    -0.02893960475921631,
    -0.02522681236267088,
    -0.08378699779510512,
    -0.032272453308105575,
    0.0,
    0.014909238815307813,
    -0.017223925590515332,
    0.04193098068237289,
    0.0,
    -0.18037441253662134,
    -0.04603449344635013,
    -0.05845090866088842,
    0.0070064306259154385,
    -0.0051996088027954634,
    0.0,
    -0.052809824943542694,
    -0.06148709774017336,
    0.008554778099060023,
    -0.003982257843017756,
    0.13417145113150264,
    0.005697178840637029,
    -0.01398168563842761,
    0.017332177162170392,
    -0.07817546844482415,
    -0.042642030715942525,
    -0.07613828659057598,
    -0.01690831184387198,
    0.0,
    -0.03548941135406514,
    -0.0071703004837035955,
    -0.06971987724304185,
    0.0,
    -0.04767892837524457,
    0.0,
    -0.04580236911773694,
    -0.02453333854675277,
    0.0009225988388061879,
    -0.036185102462768626,
    0.0,
    0.0,
    -0.07530121326446526,
    0.0,
    -0.04304079532623284,
    -0.07599257469177267,
    -0.10796640396118207,
    -0.03907086849212682,
    -0.026211471557617383,
    0.0,
    -0.09278892993927013,
    -0.004632620811462207,
    0.011454463005065918,
    -0.016419320106506152,
    0.0,
    -0.008566937446594203,
    0.0009086513519287465,
    -0.0032020425796508434,
    -0.05758087158203118,
    -0.01615689277648924,
    -0.041353516578674476,
    -0.02023220539093007,
    -0.035474033355713086,
    -0.008854279518127228,
    0.03541778087615999,
    -0.10555355072021477,
    -0.06146985530853266,
    -0.04845239162445081,
    -0.06386235237121562,
    -0.011348214149474956,
    -0.014301576614379918,
    -0.08279439449310289,
    0.02098040580749494,
    -0.009512783288955662,
    0.02533332824707024,
    0.02594468593597421,
    0.028656721115112305,
    0.07672144412994397,
    0.0,
    -0.01406573176383974,
    0.0,
    0.018099241256714027,
    -0.013023502826690736,
    0.011325141191482535,
    -0.0008102989196778765,
    0.022579164505005078,
    0.021712646484374876,
    -0.0017931020259858155,
    -0.005880827903747665,
    0.0120685815811159,
    -0.0232099771499632,
    0.017771446704864413,
    -0.016232213973998988,
    0.020459852218627894,
    0.00949519157409684,
    0.0,
    0.019838113784790057,
    -0.027806077003479146,
    0.01057432651519763,
    0.01232242107391368,
    -0.0012493753433227006,
    0.0022190725803375444,
    0.025857362747192525,
    0.01818755626678481,
    0.0027569180727005094,
    0.008510341644287323,
    -0.023340382575988805,
    -0.001467242240905886,
    0.0,
    -0.013225159645080531,
    0.012152352333068883,
    0.02396032333374043,
    -0.038914532661438184,
    0.10075235366821289,
    0.03712970733642562,
    -0.018387012481689613,
    0.011015591621398979,
    0.07409636497497551,
    -0.008930592536926074,
    0.056187195777892995,
    0.03197685241699233,
    0.034001865386962926,
    0.013704919815063388,
    0.013586640357971191,
    0.0002606630325319159,
    0.02582423210144036,
    -0.04109879016876228,
    -0.046174850463867045,
    -0.004308056831360041,
    -0.03928070545196527,
    -0.06005031108856196,
    0.020636703968047954,
    0.03388770103454597,
    -0.02375372409820553,
    0.022437719106674248,
    0.012526984214782821,
    0.01129004836082459,
    0.047113065719604386,
    -0.00676664352416978,
    0.01645632266998298,
    -0.00666958570480336,
    -0.003038600683212267,
    0.009833757877349858,
    -0.07332355499267562,
    2.2888183615066282e-07,
    0.022030007839202836,
    0.028229193687439036,
    0.028558425903320472,
    0.002302722930908274,
    0.018510584831237686,
    0.017148857116699112,
    0.008631906509399379,
    -0.01256384849548331,
    0.02808924198150642,
    0.00047568321228030896,
    0.009594383239746096,
    0.033201861381530584,
    0.006266970634460467,
    -0.014365596771240163,
    -0.02014216542243963,
    0.0,
    0.027455062866211133,
    -0.018160266876220632,
    0.033323612213134624,
    -0.0562607526779173,
    0.0,
    0.024487667083740394,
    0.05777120053768159,
    0.044532127380370934,
    -0.03933012962341298
  ]
}