{
  "auroc": 0.5007,
  "fpr_at_95_tpr": 0.97,
  "n_samples_dataset1": 100,
  "n_samples_dataset2": 100,
  "y_true": [
    0,
    0,
    0,
    1,
    1,
    1,
    0,
    1,
    1,
    0,
    0,
    1,
    1,
    0,
    1,
    1,
    0,
    1,
    0,
    0,
    1,
    0,
    1,
    0,
    0,
    0,
    0,
    0,
    1,
    1,
    0,
    0,
    0,
    0,
    1,
    1,
    1,
    1,
    1,
    0,
    0,
    1,
    0,
    0,
    1,
    1,
    0,
    0,
    1,
    0,
    1,
    1,
    0,
    1,
    1,
    0,
    1,
    0,
    1,
    0,
    1,
    0,
    0,
    0,
    0,
    1,
    0,
    1,
    0,
    1,
    0,
    1,
    1,
    0,
    1,
    1,
    0,
    1,
    1,
    1,
    0,
    0,
    0,
    1,
    1,
    0,
    1,
    0,
    1,
    0,
    0,
    1,
    1,
    0,
    0,
    1,
    1,
    0,
    0,
    1,
    0,
    0,
    1,
    1,
    1,
    1,
    0,
    0,
    1,
    1,
    1,
    0,
    1,
    1,
    0,
    1,
    0,
    0,
    1,
    0,
    0,
    1,
    1,
    1,
    0,
    0,
    1,
    1,
    0,
    0,
    1,
    0,
    0,
    1,
    0,
    1,
    0,
    1,
    0,
    1,
    1,
    1,
    1,
    0,
    0,
    0,
    0,
    1,
    0,
    0,
    1,
    1,
    0,
    0,
    0,
    0,
    1,
    1,
    0,
    0,
    1,
    1,
    1,
    1,
    0,
    0,
    1,
    0,
    1,
    0,
    0,
    0,
    0,
    0,
    1,
    1,
    1,
    0,
    1,
    1,
    0,
    0,
    1,
    1,
    1,
    1,
    0,
    1,
    0,
    0,
    1,
    1,
    0,
    1,
    0,
    1,
    0,
    0,
    1,
    1
  ],
  "y_score": [
    -0.5360562674188973,
    1.3042103473846083,
    1.1917080461366747,
    -4.333640400605072,
    0.7035264706814485,
    -2.1565078983832806,
    -1.0530976569399493,
    -2.3535647464445937,
    0.3841106397986879,
    -0.7249465119962124,
    9.636363636363637,
    1.5309310892394865,
    -0.3535533905932738,
    3.7523938719322816,
    -0.08944271909999159,
    -2.6673253468463223,
    -1.778001778002667,
    -0.050964719143762556,
    -2.0734905491284112,
    -0.13852712896188304,
    2.718329078146948,
    0.3941317112657173,
    -0.08804509063256238,
    -1.4580076006393152,
    0.5922200922639821,
    3.1341278071574195,
    -0.8333333333333334,
    3.5282114253639856,
    2.213211486674006,
    -4.13672575837461,
    1.2467441606569474,
    0.5878803211399749,
    0.5421047417431508,
    0.04588314677411235,
    2.786391062876764,
    1.3255082465053867,
    0.1125087900926024,
    1.7411334645353642,
    1.0169503597462533,
    0.04531432544294438,
    -1.2388449629010334,
    -1.0712167955150314,
    1.8047047721927154,
    -1.5616717213937263,
    -1.280690190489775,
    -0.16666666666666666,
    0.09147787074926965,
    1.4284046005106832,
    0.46195657812238883,
    0.18181818181818182,
    -0.9457924331331944,
    1.3270175619621987,
    -1.3491570401925506,
    -1.138989594902999,
    0.457495710997814,
    1.3545709229571927,
    -1.220713252598833,
    -0.7844645405527362,
    1.8766297265136729,
    -0.6556100681071858,
    0.0,
    -0.5902995919424497,
    -0.9282107406174599,
    0.4129483209670112,
    -1.4034083636378991,
    -0.21140656903267596,
    -1.2837348160276794,
    1.3127849234810511,
    0.22845583119247692,
    2.046969136217764,
    -0.36363636363636365,
    -1.7260884807271526,
    0.3244428422615251,
    0.7735267838285931,
    1.049344364594206,
    0.2844400619942871,
    -0.9696899027331813,
    1.5389675281277313,
    0.5555555555555556,
    0.43133109281375365,
    1.8571428571428572,
    0.2731791823540765,
    2.1286083367607658,
    -0.5153385008824815,
    2.286220488866142,
    -0.3651483716701107,
    1.0259783520851542,
    -1.0660035817780522,
    -0.23904572186687872,
    4.57139525574214,
    1.4164261533933569,
    -0.3725724067886446,
    0.0,
    -1.3154994953080326,
    -0.5927489783638191,
    1.4638501094227998,
    3.181292593914207,
    1.3693063937629153,
    0.053074489243427524,
    0.6713450866373513,
    1.734454765433026,
    -0.09759000729485333,
    -2.687727775838715,
    0.9538209664765319,
    1.1898261530617842,
    0.0,
    -2.114182452358468,
    3.582658654962078,
    -2.9488391230979425,
    0.9260490081948336,
    -2.2074709911560744,
    -2.1057190595598847,
    -0.0949157995752499,
    -2.233761563293962,
    -0.1829557414985393,
    1.5230192477004287,
    0.5204834387696162,
    1.92624627460372,
    1.5366996398556647,
    -0.9838699100999074,
    -12.533888489041926,
    1.2666666666666666,
    -1.1359236684941296,
    0.3288886900144577,
    -0.4602873089491617,
    -0.04719291781830087,
    5.409289848646186,
    1.4966941037143293,
    6.444022325288263,
    2.878277741744304,
    -0.2519763153394848,
    -0.7715167498104595,
    -5.249512077248736,
    -1.979653590929729,
    -1.7320508075688774,
    0.13934660285832354,
    0.0,
    -1.5339299776947408,
    -1.7894427241903816,
    1.18518743694843,
    0.4889012070387047,
    0.39391929857916763,
    0.6316761657092368,
    -2.583087382480878,
    -0.620456147874352,
    0.6677651460187684,
    1.2044267419914068,
    -2.9536944284983777,
    1.4201361099357361,
    -2.060488785479727,
    0.8320502943378437,
    -1.3805369799252667,
    0.22893427324781504,
    3.257703420961977,
    2.497421350525749,
    1.137276805798542,
    1.2018504251546631,
    4.213504858001922,
    -0.15523010514126656,
    2.3050494597834974,
    0.34259435491376583,
    0.08137884587711594,
    0.3922322702763681,
    2.81019505758626,
    0.0842151921066519,
    1.8181818181818181,
    0.6054055145966812,
    8.981462390204987,
    -1.059625885652035,
    0.7986208584745025,
    -0.6541770389223969,
    1.6835582942151732,
    -3.426837467887154,
    2.81237711208439,
    0.3779644730092272,
    1.6884452782447879,
    0.7142857142857143,
    -1.3566044327122257,
    -2.1366871784997987,
    -3.3287514296784138,
    2.630933427433784,
    -1.5205597360275016,
    -0.11547005383792514,
    6.621278457615578,
    -1.4795908857482156,
    -0.19245008972987526,
    2.3836564731139807,
    1.5266450672275869,
    -0.6255432421712243,
    7.765802747153207,
    0.04885319687460315,
    1.7955168049937391,
    -1.0634101379502299,
    -3.188213587944343,
    -0.7856742013183862,
    -0.04751143381455799,
    -0.909717652294684,
    -0.3178536264305499,
    -2.114182452358468,
    -0.059028133610095526
  ]
}